c01	native-WI01A-DriveMaps-GPMC
c02	native-WI01A-EnvVars-GPMC
c03	native-WI01A-Files-GPMC
c04	native-WI01A-Folders-GPMC
c05	native-WI01A-IniFiles-GPMC
c06	native-WI01A-LocalGroups-GPMC
c07	native-WI01A-MixedCSE-GPMC
c08	native-WI01A-NestedILT-GPMC
c09	native-WI01A-OS-ILT
c10	native-WI01A-Power-GPMC
c11	native-WI01A-Printers-GPMC
c12	native-WI01A-SchedTasks-GPMC
c13	native-WI01A-SchedTasksFull-GPMC
c14	native-WI01A-Services-GPMC
c15	native-WI01A-ServicesRecovery-GPMC
c16	native-WI01A-Shortcuts-GPMC
c17	native-WI01A-Registry-GPMC
c18	native-WI01A-RegistryMatrix-GPMC
c19	native-WI01A-RegistryShapes-GPMC
c20	evidence-wi059-20260908-wp0-backup
c21	evidence-wi059-20260908-scripts-metadata-rebackup
c22	evidence-wi059-20260908-wp1b-drives-user-rebackup
c23	evidence-wi059-20260908-wp1b-groups-machine-rebackup
c24	evidence-wi059-20260908-wp1b-localusers-machine-rebackup
c25	evidence-wi059-20260908-wp1b-mixed-all-rebackup
c26	evidence-wi059-20260908-wp1b-registry-both-rebackup
c27	evidence-wi059-20260908-wp1b-scheduledtasks-machine-rebackup
c28	evidence-wi059-20260908-wp1b-services-machine-rebackup
c29	evidence-wi059-20260908-wp2-rebackup
c30	evidence-backup-report-20260908-scripts-metadata-rebackup
